{
  "dataset": "data/Cambridge/KingsCollege/colmap",
  "model_path": "output/Cambridge/KingsCollege",
  "device": "cuda",
  "batch_size": 8,
  "num_test_samples": 50,
  "results": {
    "baseline": {
      "initialization": {
        "init_time": 0.20775222778320312,
        "num_parameters": 11132909,
        "model_size_mb": 42.63129806518555,
        "success": true
      },
      "inference": {
        "mean_inference_time": 0.0236471380506243,
        "fps": 42.28841553084261,
        "min_time": 0.017361879348754883,
        "max_time": 0.05967903137207031,
        "std_time": 0.014715949271597578
      },
      "accuracy": {
        "translation_errors": {
          "mean": 2.2695295336860104,
          "median": 2.287491824803858,
          "std": 0.19411195679484117,
          "min": 1.828742518058938,
          "max": 2.6260912624720136
        },
        "rotation_errors": {
          "mean": 7.60458366394043,
          "median": 0.0,
          "std": 28.901410886704728,
          "min": 0.0,
          "max": 169.95376586914062
        }
      },
      "training": {
        "mean_iteration_time": null,
        "iterations_per_second": null,
        "success": false,
        "error": "'tuple' object has no attribute 'shape'"
      }
    },
    "uaas": {
      "initialization": {
        "init_time": 0.12633872032165527,
        "num_parameters": 11199347,
        "model_size_mb": 42.88473892211914,
        "success": true
      },
      "inference": {
        "mean_inference_time": 0.018445185252598355,
        "fps": 54.21468997494243,
        "min_time": 0.012241363525390625,
        "max_time": 0.02346205711364746,
        "std_time": 0.003033679278610341
      },
      "accuracy": {
        "translation_errors": {
          "mean": 2.653831515558204,
          "median": 2.7051597450577383,
          "std": 0.2708045787547344,
          "min": 2.018861192895572,
          "max": 3.093421436802556
        },
        "rotation_errors": {
          "mean": 5.141965713500976,
          "median": 0.0,
          "std": 22.144350561560866,
          "min": 0.0,
          "max": 128.69810485839844
        }
      },
      "training": {
        "mean_iteration_time": 0.16824188232421874,
        "iterations_per_second": 5.943823179967168,
        "success": true
      }
    },
    "probabilistic": {
      "initialization": {
        "init_time": 0.12696313858032227,
        "num_parameters": 11166254,
        "model_size_mb": 42.75849914550781,
        "success": true
      },
      "inference": {
        "mean_inference_time": 0.030675411224365234,
        "fps": 32.59939997823755,
        "min_time": 0.02247929573059082,
        "max_time": 0.032790184020996094,
        "std_time": 0.0033613659015326366
      },
      "accuracy": {
        "translation_errors": {
          "mean": 2.398592332597963,
          "median": 2.4459662696865463,
          "std": 0.2360956432006958,
          "min": 1.89502988719575,
          "max": 2.7829416407644336
        },
        "rotation_errors": {
          "mean": 37.09918181419373,
          "median": 0.0,
          "std": 59.55203670205285,
          "min": 0.0,
          "max": 173.2896270751953
        }
      },
      "training": {
        "mean_iteration_time": null,
        "iterations_per_second": null,
        "success": false,
        "error": "The size of tensor a (12) must match the size of tensor b (6) at non-singleton dimension 2"
      }
    },
    "semantic": {
      "initialization": {
        "init_time": 0.12454938888549805,
        "num_parameters": 11132909,
        "model_size_mb": 42.63129806518555,
        "success": true
      },
      "inference": {
        "mean_inference_time": 0.017246110098702565,
        "fps": 57.98408999344325,
        "min_time": 0.012299537658691406,
        "max_time": 0.018408536911010742,
        "std_time": 0.0020376899608395152
      },
      "accuracy": {
        "translation_errors": {
          "mean": 2.0848656947231166,
          "median": 2.1164311980982693,
          "std": 0.14897230855044316,
          "min": 1.7818616016293016,
          "max": 2.331197888031426
        },
        "rotation_errors": {
          "mean": 81.50895446777344,
          "median": 79.52240371704102,
          "std": 4.490671491166431,
          "min": 77.66311645507812,
          "max": 96.17073059082031
        }
      },
      "training": {
        "mean_iteration_time": null,
        "iterations_per_second": null,
        "success": false,
        "error": "'Namespace' object has no attribute 'num_semantic_classes'"
      }
    }
  },
  "improvements": {
    "uaas": {
      "inference_speed": {
        "baseline_fps": 42.28841553084261,
        "model_fps": 54.21468997494243,
        "speedup": 1.282022258209261,
        "improvement_pct": 28.202225820926095
      },
      "accuracy": {
        "translation": {
          "baseline": 2.287491824803858,
          "model": 2.7051597450577383,
          "improvement_pct": -18.258772150571232
        },
        "rotation": {
          "baseline": 0.0,
          "model": 0.0,
          "improvement_pct": 0
        }
      },
      "model_size": {
        "baseline_mb": 42.63129806518555,
        "model_mb": 42.88473892211914,
        "size_change_pct": 0.5944948158652571
      }
    },
    "probabilistic": {
      "inference_speed": {
        "baseline_fps": 42.28841553084261,
        "model_fps": 32.59939997823755,
        "speedup": 0.7708825116529021,
        "improvement_pct": -22.911748834709783
      },
      "accuracy": {
        "translation": {
          "baseline": 2.287491824803858,
          "model": 2.4459662696865463,
          "improvement_pct": -6.927869344244626
        },
        "rotation": {
          "baseline": 0.0,
          "model": 0.0,
          "improvement_pct": 0
        }
      },
      "model_size": {
        "baseline_mb": 42.63129806518555,
        "model_mb": 42.75849914550781,
        "size_change_pct": 0.2983748703306391
      }
    },
    "semantic": {
      "inference_speed": {
        "baseline_fps": 42.28841553084261,
        "model_fps": 57.98408999344325,
        "speedup": 1.3711577808147757,
        "improvement_pct": 37.115778081477565
      },
      "accuracy": {
        "translation": {
          "baseline": 2.287491824803858,
          "model": 2.1164311980982693,
          "improvement_pct": 7.478086909458407
        },
        "rotation": {
          "baseline": 0.0,
          "model": 79.52240371704102,
          "improvement_pct": 0
        }
      },
      "model_size": {
        "baseline_mb": 42.63129806518555,
        "model_mb": 42.63129806518555,
        "size_change_pct": 0.0
      }
    }
  },
  "timestamp": "2025-10-31 01:25:45"
}